[{"slug_game": "beijing-2022", "year": 2022, "season": "Winter", "city": "Beijing", "country": "China", "name": "Beijing 2022", "start_date": "2022-02-04T15:00:00Z", "end_date": "2022-02-20T12:00:00Z"}, {"slug_game": "tokyo-2020", "year": 2020, "season": "Summer", "city": "Tokyo", "country": "Japan", "name": "Tokyo 2020", "start_date": "2021-07-23T11:00:00Z", "end_date": "2021-08-08T14:00:00Z"}, {"slug_game": "pyeongchang-2018", "year": 2018, "season": "Winter", "city": "PyeongChang", "country": "Republic of Korea", "name": "PyeongChang 2018", "start_date": "2018-02-08T23:00:00Z", "end_date": "2018-02-25T08:00:00Z"}, {"slug_game": "rio-2016", "year": 2016, "season": "Summer", "city": "Rio", "country": "Brazil", "name": "Rio 2016", "start_date": "2016-08-05T12:00:00Z", "end_date": "2016-08-21T21:00:00Z"}, {"slug_game": "sochi-2014", "year": 2014, "season": "Winter", "city": "Sochi", "country": "Russian Federation", "name": "Sochi 2014", "start_date": "2014-02-07T04:00:00Z", "end_date": "2014-02-23T16:00:00Z"}, {"slug_game": "london-2012", "year": 2012, "season": "Summer", "city": "London", "country": "Great Britain", "name": "London 2012", "start_date": "2012-07-27T07:00:00Z", "end_date": "2012-08-12T19:00:00Z"}, {"slug_game": "vancouver-2010", "year": 2010, "season": "Winter", "city": "Vancouver", "country": "Canada", "name": "Vancouver 2010", "start_date": "2010-02-12T16:00:00Z", "end_date": "2010-02-28T04:00:00Z"}, {"slug_game": "beijing-2008", "year": 2008, "season": "Summer", "city": "Beijing", "country": "China", "name": "Beijing 2008", "start_date": "2008-08-08T00:00:00Z", "end_date": "2008-08-24T12:00:00Z"}, {"slug_game": "turin-2006", "year": 2006, "season": "Winter", "city": "Turin", "country": "Italy", "name": "Turin 2006", "start_date": "2006-02-10T07:00:00Z", "end_date": "2006-02-26T19:00:00Z"}, {"slug_game": "athens-2004", "year": 2004, "season": "Summer", "city": "Athens", "country": "Greece", "name": "Athens 2004", "start_date": "2004-08-13T06:00:00Z", "end_date": "2004-08-29T18:00:00Z"}, {"slug_game": "salt-lake-city-2002", "year": 2002, "season": "Winter", "city": "Salt Lake City", "country": "United States", "name": "Salt Lake City 2002", "start_date": "2002-02-08T15:00:00Z", "end_date": "2002-02-24T08:00:00Z"}, {"slug_game": "sydney-2000", "year": 2000, "season": "Summer", "city": "Sydney", "country": "Australia", "name": "Sydney 2000", "start_date": "2000-09-15T01:00:00Z", "end_date": "2000-10-01T09:00:00Z"}, {"slug_game": "nagano-1998", "year": 1998, "season": "Winter", "city": "Nagano", "country": "Japan", "name": "Nagano 1998", "start_date": "1998-02-06T23:00:00Z", "end_date": "1998-02-22T11:00:00Z"}, {"slug_game": "atlanta-1996", "year": 1996, "season": "Summer", "city": "Atlanta", "country": "United States", "name": "Atlanta 1996", "start_date": "1996-07-19T12:00:00Z", "end_date": "1996-08-05T21:00:00Z"}, {"slug_game": "lillehammer-1994", "year": 1994, "season": "Winter", "city": "Lillehammer", "country": "Norway", "name": "Lillehammer 1994", "start_date": "1994-02-12T07:00:00Z", "end_date": "1994-02-27T19:00:00Z"}, {"slug_game": "barcelona-1992", "year": 1992, "season": "Summer", "city": "Barcelona", "country": "Spain", "name": "Barcelona 1992", "start_date": "1992-07-25T06:00:00Z", "end_date": "1992-08-09T18:00:00Z"}, {"slug_game": "albertville-1992", "year": 1992, "season": "Winter", "city": "Albertville", "country": "France", "name": "Albertville 1992", "start_date": "1992-02-08T07:00:00Z", "end_date": "1992-02-23T19:00:00Z"}, {"slug_game": "seoul-1988", "year": 1988, "season": "Summer", "city": "Seoul", "country": "Republic of Korea", "name": "Seoul 1988", "start_date": "1988-09-16T22:00:00Z", "end_date": "1988-10-02T10:00:00Z"}, {"slug_game": "calgary-1988", "year": 1988, "season": "Winter", "city": "Calgary", "country": "Canada", "name": "Calgary 1988", "start_date": "1988-02-13T15:00:00Z", "end_date": "1988-02-28T03:00:00Z"}, {"slug_game": "los-angeles-1984", "year": 1984, "season": "Summer", "city": "Los Angeles", "country": "United States", "name": "Los Angeles 1984", "start_date": "1984-07-28T15:00:00Z", "end_date": "1984-08-12T19:00:00Z"}, {"slug_game": "sarajevo-1984", "year": 1984, "season": "Winter", "city": "Sarajevo", "country": "Yugoslavia", "name": "Sarajevo 1984", "start_date": "1984-02-08T07:00:00Z", "end_date": "1984-02-19T19:00:00Z"}, {"slug_game": "moscow-1980", "year": 1980, "season": "Summer", "city": "Moscow", "country": "USSR", "name": "Moscow 1980", "start_date": "1980-07-19T05:00:00Z", "end_date": "1980-08-03T18:00:00Z"}, {"slug_game": "lake-placid-1980", "year": 1980, "season": "Winter", "city": "Lake Placid", "country": "United States", "name": "Lake Placid 1980", "start_date": "1980-02-13T13:00:00Z", "end_date": "1980-02-24T01:00:00Z"}, {"slug_game": "montreal-1976", "year": 1976, "season": "Summer", "city": "Montreal", "country": "Canada", "name": "Montreal 1976", "start_date": "1976-07-17T12:00:00Z", "end_date": "1976-07-31T22:00:00Z"}, {"slug_game": "innsbruck-1976", "year": 1976, "season": "Winter", "city": "Innsbruck", "country": "Austria", "name": "Innsbruck 1976", "start_date": "1976-02-04T07:00:00Z", "end_date": "1976-02-15T19:00:00Z"}, {"slug_game": "munich-1972", "year": 1972, "season": "Summer", "city": "Munich", "country": "Federal Republic of Germany", "name": "Munich 1972", "start_date": "1972-08-26T07:00:00Z", "end_date": "1972-09-11T19:00:00Z"}, {"slug_game": "sapporo-1972", "year": 1972, "season": "Winter", "city": "Sapporo", "country": "Japan", "name": "Sapporo 1972", "start_date": "1972-02-02T23:00:00Z", "end_date": "1972-02-13T11:00:00Z"}, {"slug_game": "mexico-city-1968", "year": 1968, "season": "Summer", "city": "Mexico City", "country": "Mexico", "name": "Mexico City 1968", "start_date": "1968-10-12T16:00:00Z", "end_date": "1968-10-28T04:00:00Z"}, {"slug_game": "grenoble-1968", "year": 1968, "season": "Winter", "city": "Grenoble", "country": "France", "name": "Grenoble 1968", "start_date": "1968-02-06T07:00:00Z", "end_date": "1968-02-18T19:00:00Z"}, {"slug_game": "tokyo-1964", "year": 1964, "season": "Summer", "city": "Tokyo", "country": "Japan", "name": "Tokyo 1964", "start_date": "1964-10-09T23:00:00Z", "end_date": "1964-10-24T11:00:00Z"}, {"slug_game": "innsbruck-1964", "year": 1964, "season": "Winter", "city": "Innsbruck", "country": "Austria", "name": "Innsbruck 1964", "start_date": "1964-01-29T07:00:00Z", "end_date": "1964-02-09T19:00:00Z"}, {"slug_game": "rome-1960", "year": 1960, "season": "Summer", "city": "Rome", "country": "Italy", "name": "Rome 1960", "start_date": "1960-08-25T07:00:00Z", "end_date": "1960-09-11T19:00:00Z"}, {"slug_game": "squaw-valley-1960", "year": 1960, "season": "Winter", "city": "Squaw Valley", "country": "United States", "name": "Squaw Valley 1960", "start_date": "1960-02-18T16:00:00Z", "end_date": "1960-02-28T04:00:00Z"}, {"slug_game": "melbourne-1956", "year": 1956, "season": "Summer", "city": "Melbourne", "country": "Australia, Sweden", "name": "Melbourne 1956", "start_date": "1956-11-21T22:00:00Z", "end_date": "1956-12-08T10:00:00Z"}, {"slug_game": "cortina-d-ampezzo-1956", "year": 1956, "season": "Winter", "city": "Cortina d'Ampezzo", "country": "Italy", "name": "Cortina d'Ampezzo 1956", "start_date": "1956-01-26T07:00:00Z", "end_date": "1956-02-05T19:00:00Z"}, {"slug_game": "helsinki-1952", "year": 1952, "season": "Summer", "city": "Helsinki", "country": "Finland", "name": "Helsinki 1952", "start_date": "1952-07-19T07:00:00Z", "end_date": "1952-08-03T07:00:00Z"}, {"slug_game": "oslo-1952", "year": 1952, "season": "Winter", "city": "Oslo", "country": "Norway", "name": "Oslo 1952", "start_date": "1952-02-14T07:00:00Z", "end_date": "1952-02-25T19:00:00Z"}, {"slug_game": "london-1948", "year": 1948, "season": "Summer", "city": "London", "country": "Great Britain", "name": "London 1948", "start_date": "1948-07-29T07:00:00Z", "end_date": "1948-08-14T19:00:00Z"}, {"slug_game": "st-moritz-1948", "year": 1948, "season": "Winter", "city": "St. Moritz", "country": "Switzerland", "name": "St. Moritz 1948", "start_date": "1948-01-30T07:00:00Z", "end_date": "1948-02-08T19:00:00Z"}, {"slug_game": "berlin-1936", "year": 1936, "season": "Summer", "city": "Berlin", "country": "Germany", "name": "Berlin 1936", "start_date": "1936-08-01T07:00:00Z", "end_date": "1936-08-16T19:00:00Z"}, {"slug_game": "garmisch-partenkirchen-1936", "year": 1936, "season": "Winter", "city": "Garmisch-Partenkirchen", "country": "Germany", "name": "Garmisch-Partenkirchen 1936", "start_date": "1936-02-06T08:00:00Z", "end_date": "1936-02-16T20:00:00Z"}, {"slug_game": "los-angeles-1932", "year": 1932, "season": "Summer", "city": "Los Angeles", "country": "United States", "name": "Los Angeles 1932", "start_date": "1932-07-30T16:00:00Z", "end_date": "1932-08-14T19:00:00Z"}, {"slug_game": "lake-placid-1932", "year": 1932, "season": "Winter", "city": "Lake Placid", "country": "United States", "name": "Lake Placid 1932", "start_date": "1932-02-04T13:00:00Z", "end_date": "1932-02-15T18:00:00Z"}, {"slug_game": "amsterdam-1928", "year": 1928, "season": "Summer", "city": "Amsterdam", "country": "Netherlands", "name": "Amsterdam 1928", "start_date": "1928-05-17T07:00:00Z", "end_date": "1928-08-12T19:00:00Z"}, {"slug_game": "st-moritz-1928", "year": 1928, "season": "Winter", "city": "St. Moritz", "country": "Switzerland", "name": "St. Moritz 1928", "start_date": "1928-02-11T08:00:00Z", "end_date": "1928-02-19T08:00:00Z"}, {"slug_game": "paris-1924", "year": 1924, "season": "Summer", "city": "Paris", "country": "France", "name": "Paris 1924", "start_date": "1924-05-04T07:00:00Z", "end_date": "1924-07-27T19:00:00Z"}, {"slug_game": "chamonix-1924", "year": 1924, "season": "Winter", "city": "Chamonix", "country": "France", "name": "Chamonix 1924", "start_date": "1924-01-25T08:00:00Z", "end_date": "1924-02-05T20:00:00Z"}, {"slug_game": "antwerp-1920", "year": 1920, "season": "Summer", "city": "Antwerp", "country": "Belgium", "name": "Antwerp 1920", "start_date": "1920-04-20T07:00:00Z", "end_date": "1920-09-12T19:00:00Z"}, {"slug_game": "stockholm-1912", "year": 1912, "season": "Summer", "city": "Stockholm", "country": "Sweden", "name": "Stockholm 1912", "start_date": "1912-05-05T08:00:00Z", "end_date": "1912-07-27T20:00:00Z"}, {"slug_game": "london-1908", "year": 1908, "season": "Summer", "city": "London", "country": "Great Britain", "name": "London 1908", "start_date": "1908-04-27T08:00:00Z", "end_date": "1908-10-31T20:09:00Z"}, {"slug_game": "st-louis-1904", "year": 1904, "season": "Summer", "city": "St. Louis", "country": "United States", "name": "St. Louis 1904", "start_date": "1904-07-01T14:00:00Z", "end_date": "1904-11-24T02:00:00Z"}, {"slug_game": "paris-1900", "year": 1900, "season": "Summer", "city": "Paris", "country": "France", "name": "Paris 1900", "start_date": "1900-05-14T08:50:39Z", "end_date": "1900-10-28T19:50:39Z"}, {"slug_game": "athens-1896", "year": 1896, "season": "Summer", "city": "Athens", "country": "Greece", "name": "Athens 1896", "start_date": "1896-04-06T11:38:39Z", "end_date": "1896-04-15T11:39:39Z"}]